Generation,Average_Score,Pareto_Efficiency,Nash_Deviation,Strategy_Diversity,mutual_cooperation,mutual_defection,temptation_payoffs,sucker_payoffs,total_payoffs
1,2.6666666666666665,0.8888888888888888,1.0,6,1,0,1,1,16
2,2.6666666666666665,0.8888888888888888,1.0,6,1,0,1,1,16
3,2.3333333333333335,0.7777777777777778,0.6666666666666667,6,2,1,0,0,14
