generation,eq_distance,gini_payoffs,average_fish_caught
1,3.5,0.0,5.0
2,3.847076812334269,0.045283018867924525,5.3
3,0.4973087415954307,0.08888888888888889,1.062290625
4,1.5,0.0,0.0
5,1.5,0.0,0.0
6,1.5,0.0,0.0
7,1.5,0.0,0.0
8,1.5,0.0,0.0
9,1.5,0.0,0.0
10,1.5,0.0,0.0
