generation,eq_distance,gini_payoffs,average_fish_caught
1,3.5,0.0,5.0
2,3.5,0.0,5.0
3,0.05648437499999991,0.0,1.443515625
4,1.5,0.0,0.0
5,1.5,0.0,0.0
6,1.5,0.0,0.0
7,1.5,0.0,0.0
8,1.5,0.0,0.0
9,1.5,0.0,0.0
10,1.5,0.0,0.0
