Generation,Average_Score,Pareto_Efficiency,Nash_Deviation,Strategy_Diversity,mutual_cooperation,mutual_defection,temptation_payoffs,sucker_payoffs,total_payoffs
1,2.1666666666666665,0.7222222222222222,0.6666666666666667,6,1,1,0,1,13
2,2.5,0.8333333333333334,1.0,6,0,0,2,1,15
3,2.6666666666666665,0.8888888888888888,1.0,6,1,0,2,0,16
